{"cameraMode":{"drawMode":0,"name":"Shaded","section":"Shading Mode"},"sceneLighting":false,"audioPlay":false,"sceneViewState":{"m_AlwaysRefresh":false,"showFog":true,"showSkybox":false,"showFlares":true,"showImageEffects":true,"showParticleSystems":true,"showVisualEffectGraphs":true,"m_FxEnabled":true},"in2DMode":false,"pivot":{"x":1.4613540172576905,"y":0.07446540892124176,"z":-0.21545688807964326},"rotation":{"x":0.32460692524909975,"y":0.07932126522064209,"z":-0.027327148243784906,"w":0.9421223402023315},"size":1.0768043994903565,"orthographic":false}